,,,Programming Fundamentals,Object Oriented Programming,Introduction To Computing,Data Structures,Analysis of Algorithms,Software Requirements Engineering,Research Methodology,Big Data Analytics,Artificial Intelligence,Deep Learning,Digital Image Processing
S#,Roll No.,Teacher  Name,CS 101,CS 201,CS 102,CS 301,CS 302,SE 301,CS 501,CS 407,CS 307,CS 601,CS 409
1,i-0001,Hassan Mujtaba,0,0,0,0,0,0,0,1,0,0,0
2,i-0002,Muhammad Ishtiaq,1,0,0,0,0,0,0,0,0,0,0
3,i-0003,Adil Majeed,0,0,0,1,0,0,0,0,0,0,0
4,i-0004,Hassan Raza,0,0,0,0,0,0,0,0,0,0,1
5,i-0005,Omer Baig,0,0,0,0,0,1,0,0,0,0,0
6,i-0006,Doctor Naveed,0,0,0,0,1,0,0,0,0,0,0
7,i-0007,Roha Ijaz,0,0,1,0,0,0,0,0,0,0,0
8,i-0008,Lariab Afzal,0,0,0,0,0,0,0,0,0,1,0
9,i-0009,Ayesha Kamran,0,0,0,0,0,0,0,0,1,0,0
10,i-0010,Saira Qamar,0,1,0,0,0,0,0,0,0,0,0
11,i-0011,Dr Aftab,0,0,0,0,0,0,1,0,0,0,0
